#story,story_title,story description,story_estimation,HC&HV,LC&HV,HC&LV,LC&LV,User_role,Pre-Requirements,QATest,Responsible person in a team,Source Iteration,Source Deadline,Course Sprint,Delivery state
1,AI Student Request Classification & Routing,"As a student, I want my questions and requests to be automatically sent to the right school department, so that I get help quickly without having to figure out who to ask.",5,,yes,,,Student,Student must be logged into the student portal; support departments/categories must be set up in the system,US1QATest,AI/Backend Developer & QA Tester,1,15.11.2026,1,Implemented
2,Routing Confirmation & Student Notification,"As a student, I want to receive a notification confirming which department received my request, so that I know my request is being handled and who to expect a response from.",3,,yes,,,Student,AI routing engine (Story 1) is implemented; notification service (email/in-app) is configured,US2QATest,Frontend Developer,1,30.11.2026,1,Implemented
3,Low-Confidence Escalation to Staff,"As a student, I want my request to be reviewed by a staff member when the AI is unsure how to classify it, so that my request still gets routed correctly instead of being lost or mishandled.",5,yes,,,,Student / Support Staff,AI routing engine (Story 1) is implemented; confidence threshold is configured; staff review queue exists,US3QATest,AI/Backend Developer,2,15.12.2026,2,Implemented
4,Staff Manual Routing Dashboard,"As a support staff member, I want a dashboard that shows all escalated and unassigned student requests, so that I can quickly review and route them to the correct department.",6,yes,,,,Support Staff,Staff member must have a 'support' role account; escalation flow (Story 3) is implemented,US4QATest,Frontend Developer & UX Designer,2,22.12.2026,2,Implemented
5,Request Status Tracking,"As a student, I want to check the status of a request I submitted (Received, In Progress, or Resolved), so that I know what is happening with it without contacting the department directly.",4,,yes,,,Student,AI routing engine (Story 1) is implemented; request status field is defined in the data model,US5QATest,Full-stack Developer,2,29.12.2026,2,Implemented
6,Priority / Urgent Request Detection,"As a student submitting an urgent issue (e.g., a health or safety emergency), I want the system to automatically detect the urgency and immediately alert the right department, so that critical issues are handled without delay.",7,yes,,,,Student / Health Services,AI classification model (Story 1) is implemented; a real-time alert channel (SMS/email/push) is available,US6QATest,AI/Backend Developer,3,15.01.2027,3,Backlog
7,Multi-language Request Handling,"As a student who prefers to write in Kazakh or Russian, I want to submit my request in my own language and have it classified and routed correctly, so that I don't struggle to describe my issue in English.",5,,yes,,,Student,AI classification model (Story 1) is implemented; a language-detection library is available,US7QATest,AI/Backend Developer & Localization Specialist,3,22.01.2027,4,Backlog
8,Student Feedback on Resolution,"As a student whose request has been resolved, I want to rate the support I received and leave optional comments, so that the school can measure and improve support quality.",3,,,,yes,Student,Request status tracking (Story 5) is implemented; a request can be marked Resolved by staff,US8QATest,Frontend Developer,3,29.01.2027,5,Backlog
9,Admin Analytics Dashboard,"As a school administrator, I want a dashboard showing request volume, AI routing accuracy, and department response times, so that I can monitor support-system performance and staffing needs.",6,,,yes,,School Administrator,"Request, feedback (Story 8), and staff-correction (Story 3) data is being logged",US9QATest,Data Analyst & Backend Developer,4,10.02.2027,5,Backlog
10,AI Model Retraining Pipeline,"As an IT administrator, I want the AI classification model to be periodically retrained using new labeled data, so that routing accuracy keeps improving instead of degrading over time.",8,yes,,,,IT Administrator,Feedback (Story 8) and staff-correction (Story 3) data is available; ML training infrastructure is provisioned,US10QATest,AI/ML Engineer,4,20.02.2027,6,Backlog
