Working day,Ideal remaining story points,Observed remaining story points,Record type
0,8.0,,"Ideal plan, not actual history"
1,7.2,,"Ideal plan, not actual history"
2,6.4,,"Ideal plan, not actual history"
3,5.6,,"Ideal plan, not actual history"
4,4.8,,"Ideal plan, not actual history"
5,4.0,,"Ideal plan, not actual history"
6,3.2,,"Ideal plan, not actual history"
7,2.4,,"Ideal plan, not actual history"
8,1.6,,"Ideal plan, not actual history"
9,0.8,,"Ideal plan, not actual history"
10,0.0,,"Ideal plan, not actual history"
Build snapshot,,0,Implemented technical scope; PO acceptance not recorded
